{"cameraMode":{"drawMode":0,"name":"Shaded","section":"Shading Mode"},"sceneLighting":true,"audioPlay":false,"sceneViewState":{"m_AlwaysRefresh":false,"showFog":true,"showSkybox":true,"showFlares":true,"showImageEffects":true,"showParticleSystems":true,"showVisualEffectGraphs":true,"m_FxEnabled":true},"in2DMode":false,"pivot":{"x":-12.434196472167969,"y":44.266380310058597,"z":-42.48008346557617},"rotation":{"x":0.02239592932164669,"y":0.6649267673492432,"z":0.019953768700361253,"w":-0.7463063597679138},"size":25.94890022277832,"orthographic":true}