{"cameraMode":{"drawMode":0,"name":"Shaded","section":"Shading Mode"},"sceneLighting":true,"audioPlay":false,"sceneViewState":{"m_AlwaysRefresh":false,"showFog":true,"showSkybox":true,"showFlares":true,"showImageEffects":true,"showParticleSystems":true,"showVisualEffectGraphs":true,"m_FxEnabled":true},"in2DMode":false,"pivot":{"x":4.09006404876709,"y":29.327688217163087,"z":10.104759216308594},"rotation":{"x":0.03533897548913956,"y":-0.7198253273963928,"z":0.036741115152835849,"w":0.6922853589057922},"size":99.89627075195313,"orthographic":true}